id,query,query_type,is_answerable,expected_video_id,expected_start,expected_end,confirmed,notes
gs-001,獨立評審名單 2019,ocr,TRUE,1,00:00.0,00:09.0,TRUE,標題卡 OCR：「THE 30th ANNUAL INDEPENDENT CRITICS LIST 2019」
gs-002,Kate Beckinsale,ocr,TRUE,1,01:48.0,01:53.0,TRUE,VLM-OCR 抓到的名字卡：「90 HALL OF FAME ... KATE BECKINSALE ACTRESS / MODEL / KNOCKOUT」
gs-003,先出現豬，後來才出現大象,temporal,TRUE,2,00:08.2,00:18.0,TRUE,時序關係查詢——目前系統完全不做時序推理，這條預期現有版本會答錯，是用來量測差距，不是現在就要通過
gs-003,先出現豬，後來才出現大象,temporal,TRUE,2,00:18.0,00:29.1,TRUE,時序關係查詢——目前系統完全不做時序推理，這條預期現有版本會答錯，是用來量測差距，不是現在就要通過
gs-004,大象,object,TRUE,2,00:18.0,00:29.1,TRUE,動物教學影片，連續兩段畫面描述都提到大象／小象
gs-005,大象跟小象一起在草地上走路,multi_condition,TRUE,2,00:18.0,00:29.1,TRUE,多條件（動物種類＋數量＋動作＋地點）：「一隻大象和一隻小象在茂密的草原上行走，小象似乎在跟隨著母象」
gs-006,獅子,object,TRUE,2,00:29.1,00:38.3,TRUE,「一隻雄獅站在淺水中」
gs-007,很兇猛的野生動物,vague,TRUE,2,00:29.1,00:38.3,TRUE,模糊敘述，沒有精確關鍵字「獅子」，測試語意相似度而非字面比對——你可能覺得答案不只獅子這段，請確認或補充
gs-008,螞蟻爬在苔蘚上,object,TRUE,2,00:38.3,00:47.9,TRUE,「一隻小螞蟻，正爬行在綠色的苔蘚上」
gs-010,紅色球衣的球員準備投籃,multi_condition,TRUE,3,00:00.0,00:09.1,TRUE,顏色＋人物＋動作條件：「紅色球衣的球員正準備投籃，周圍有數名對手防守」
gs-011,FRAME 這個字出現在畫面上,ocr,TRUE,4,00:00.0,00:05.5,TRUE,「畫面中央有一個矩形框架，裡面用粗體字顯示 FRAME 字樣」
gs-012,機器人在工廠操作零件,action,TRUE,4,00:05.5,00:16.7,TRUE,BMW 工廠影片開頭，機器人操作零件／儲物箱
gs-013,汽車,object,TRUE,4,00:26.2,00:31.5,TRUE,Hard negative 用途：「汽車」這個詞在 BMW 影片（真的有車）應該排前面，但 NBA／動物／人臉排行榜影片不該被誤判成相關——這條主要用來測精準率，不是只測召回率，expected 只列一個代表性片段，實際上 video=4 有很多片段都合理算對，評分時建議用「是不是排在 video=4 的某個片段」而非精確比對這一個時間區間
gs-014,工人手動安裝汽車零件,action,TRUE,4,06:53.3,06:58.8,TRUE,「一位工人在生產線上操作工具，為 BMW 車型安裝字母和徽標」——刻意跟 gs-012（機器人）對照，測試「工人」vs「機器人」的區分度
gs-015,太空人在月球表面漫步,no_answer,FALSE,,,,TRUE,6 支影片裡沒有太空／月球相關內容
gs-016,水底鯊魚攻擊潛水員,no_answer,FALSE,,,,TRUE,6 支影片裡沒有水底／鯊魚內容
gs-017,廚房裡有人在做菜,no_answer,FALSE,,,,TRUE,6 支影片裡沒有廚房／烹飪內容
gs-018,工廠裡沒有機器人、全部由人工操作的畫面,negation,FALSE,,,,TRUE,否定條件查詢最難處理——我掃過 video=4 的畫面描述，沒有找到明確「完全沒有機器人」的片段（機器人跟工人常同時出現），這條的 is_answerable 需要你判斷：是要標成 no_answer，還是你知道有符合的片段、要我重新找？先留 null 不代猜
